종목코드,종목명,시장구분,소속부,종가,대비,등락률,시가,고가,저가,거래량,거래대금,시가총액,상장주식수
044450,KSS해운,KOSPI,,11330,-90,-0.79,11420,+11480,-11250,196488,+105.73,261600000000,23086000
064260,다날,KOSDAQ,,7480,+410,+5.80,+7250,+7760,+7190,14968159,-48.29,565800000000,75645000
332570,PS일렉트로닉스,KOSDAQ,,5300,+240,+4.74,+5280,+5350,+5180,1473686,+275.87,250500000000,47265000
131970,두산테스나,KOSDAQ,,91000,-1200,-1.30,+97300,+97500,-89700,807063,+223.83,1758800000000,19327000
098460,고영,KOSDAQ,,28350,+2200,+8.41,+27750,+28400,+27400,1350605,+158.69,1946400000000,68655000
0041B0,교보18호스팩,KOSDAQ,,2070,0,0.00,2070,2070,-2065,69,-0.98,10400000000,5040000
033160,엠케이전자,KOSDAQ,,20600,+4350,+26.77,+17200,+20850,+17200,3720444,+513.54,479400000000,23273000
001120,LX인터내셔널,KOSPI,,46150,-4450,-8.79,-49100,-50100,-45200,693731,+252.65,1788800000000,38760000
125020,티씨머티리얼즈,KOSDAQ,,5000,+385,+8.34,+4865,+5030,+4805,813670,-92.71,175200000000,35039000
004990,롯데지주,KOSPI,,28300,+1350,+5.01,+27850,+28300,+27800,183575,-99.84,2968900000000,104909000
377300,카카오페이,KOSPI,,52500,+3450,+7.03,+51100,+53100,+50700,362802,+140.22,7099300000000,135224000
064400,LG씨엔에스,KOSPI,,61400,+4300,+7.53,+60000,+61400,+59100,515698,+183.14,5948800000000,96886000
237690,에스티팜,KOSDAQ,,140000,+3000,+2.19,+143600,+145300,+139000,121828,+128.13,2915900000000,20828000
007660,이수페타시스,KOSPI,,120100,+14100,+13.30,+114500,+120800,+112400,1260441,+160.72,8816400000000,73409000
403870,HPSP,KOSDAQ,,45900,+4250,+10.20,+44000,+45950,+43850,2603515,+196.92,3777600000000,82300000
106240,파인테크닉스,KOSDAQ,,2370,+200,+9.22,+2175,+2445,-2110,612980,+274.95,54200000000,22868000
012630,HDC,KOSPI,,27100,+1000,+3.83,+26600,+27400,-26000,201723,+184.94,1619000000000,59742000
003280,흥아해운,KOSPI,,2990,-805,-21.21,-3135,-3350,-2850,44411624,-68.64,718900000000,240425000
348370,엔켐,KOSDAQ,,37150,+1900,+5.39,+37100,+37700,+36000,345987,-83.81,814000000000,21911000
476830,알지노믹스,KOSDAQ,,186800,+10400,+5.90,+192500,+193500,+182600,323278,+112.95,2602800000000,13934000
046120,오르비텍,KOSDAQ,,10820,+250,+2.37,+11000,+11390,-10280,3502098,+100.43,355900000000,32896000
0091W0,신영스팩11호,KOSDAQ,,2065,0,0.00,-2055,+2070,-2055,1636,-6.06,12500000000,6068000
143160,아이디스,KOSDAQ,,17690,+240,+1.38,+17750,+17850,-17430,4525,-57.03,189600000000,10716000
103590,일진전기,KOSPI,,80000,+7000,+9.59,+77600,+80400,+76600,402140,+119.09,3814800000000,47685000
062040,산일전기,KOSPI,,147000,+13000,+9.70,+140700,+147700,+139400,665387,+248.78,4500500000000,30616000
226950,올릭스,KOSDAQ,,164000,+7500,+4.79,+168000,+169100,+162100,225479,+104.46,3329300000000,20301000
491000,리브스메드,KOSDAQ,,66600,+3000,+4.72,+67500,+67900,+65000,261201,-93.72,1661900000000,24953000
080220,제주반도체,KOSDAQ,,43000,+5100,+13.46,+41050,+43000,+40350,2320685,+221.93,1481000000000,34443000
026960,동서,KOSPI,,27550,+450,+1.66,+27800,+28350,+27500,111819,+175.44,2746700000000,99700000
096250,와이즈넛,KOSDAQ,,10410,+40,+0.39,+10400,+10920,-10310,230734,-14.90,136300000000,13097000
006800,미래에셋증권,KOSPI,,67700,+6200,+10.08,+66600,+68000,+65300,3421784,+141.49,37594900000000,555316000
018470,조일알미늄,KOSPI,,1472,-55,-3.60,-1435,+1542,-1411,13608744,-36.02,186400000000,126632000
460870,에스엠씨지,KOSDAQ,,3220,-340,-9.55,+3650,+3670,-3090,1267337,+494.16,64600000000,20073000
023410,유진기업,KOSDAQ,,4165,+275,+7.07,+3915,+4225,+3910,470709,+264.48,322000000000,77311000
067000,조이시티,KOSDAQ,,2350,+105,+4.68,+2320,+2390,+2270,310537,-76.53,164300000000,69903000
468530,프로티나,KOSDAQ,,57800,+900,+1.58,+60500,+60900,-56700,226959,+140.18,632300000000,10939000
090460,비에이치,KOSPI,,22400,+1650,+7.95,+21850,+22700,+21700,397791,-47.28,755100000000,33712000
137400,피엔티,KOSDAQ,,49450,+2150,+4.55,+49500,+49750,+47650,164084,-76.15,1171500000000,23691000
038500,삼표시멘트,KOSDAQ,,17450,+2950,+20.34,+15100,+18180,+14920,21636509,+1061.21,1883100000000,107916000
032820,우리기술,KOSDAQ,,23650,+3700,+18.55,+21300,+24700,+20750,40958224,+358.99,4046400000000,171096000
017670,SK텔레콤,KOSPI,,89000,+7400,+9.07,+85600,+89500,+84500,1998469,+357.81,19116300000000,214790000
073490,이노와이어리스,KOSDAQ,,42400,+2100,+5.21,+42050,+43250,+40800,211975,+122.32,322400000000,7604000
0132G0,교보20호스팩,KOSDAQ,,2010,+5,+0.25,+2010,+2015,2005,197788,-67.88,12000000000,5970000
007310,오뚜기,KOSPI,,357500,+2500,+0.70,+363500,+364000,+357500,6492,-86.07,1432800000000,4008000
166480,코아스템켐온,KOSDAQ,,2405,+115,+5.02,+2340,+2435,2290,320603,+123.57,127200000000,52870000
051980,중앙첨단소재,KOSDAQ,,1452,+45,+3.20,+1460,+1492,+1412,2281521,-64.07,161300000000,111092000
030520,한글과컴퓨터,KOSDAQ,,20000,+1130,+5.99,+19480,+20450,+19480,199302,+303.52,483600000000,24180000
460850,동국씨엠,KOSPI,,5380,+170,+3.26,+5290,+5440,+5290,54376,-4.77,160900000000,29899000
047050,포스코인터내셔널,KOSPI,,73400,-3300,-4.30,-76200,+77100,-72200,1660870,+178.90,12912700000000,175923000
171090,선익시스템,KOSDAQ,,86300,+3800,+4.61,+88200,+89200,+84000,115016,-66.83,871900000000,10103000
489790,한화비전,KOSPI,,76000,+4600,+6.44,+77000,+77800,+74600,538796,+117.05,3837100000000,50488000
483650,달바글로벌,KOSPI,,166400,+4600,+2.84,+167100,+168100,+162900,94282,-37.74,2062300000000,12394000
458350,에스팀,KOSDAQ,,8910,+410,+4.82,+8760,+8990,+8650,207043,-66.98,77400000000,8683000
036930,주성엔지니어링,KOSDAQ,,68000,+7500,+12.40,+65200,+69700,+63700,1752272,+197.18,3160700000000,46481000
140860,파크시스템스,KOSDAQ,,237000,+4000,+1.72,+247000,+247000,+235000,55925,+236.54,1658400000000,6998000
083450,GST,KOSDAQ,,29550,+2450,+9.04,+28600,+29750,+28400,433441,-98.62,544600000000,18430000
052710,아모텍,KOSDAQ,,16150,+1100,+7.31,+15950,+16280,+15740,520719,+113.26,236000000000,14615000
005387,현대차2우B,KOSPI,,246500,+11000,+4.67,+244500,+249000,+241000,360181,+227.06,8618600000000,34964000
035760,CJ ENM,KOSDAQ,,54100,+2100,+4.04,+54200,+55100,+53000,52555,+107.15,1186400000000,21929000
298040,효성중공업,KOSPI,,2930000,+320000,+12.26,+2790000,+2950000,+2749000,72386,+244.34,27320900000000,9325000
060230,제이케이시냅스,KOSDAQ,,505,-30,-5.61,535,+565,-484,5175731,-30.07,24600000000,48797000
357780,솔브레인,KOSDAQ,,412000,+30500,+7.99,+404000,+417500,+398500,72539,+376.08,3204800000000,7779000
011930,신성이엔지,KOSPI,,3355,-80,-2.33,+3620,+3680,-3290,32510866,-48.81,690600000000,205848000
175330,JB금융지주,KOSPI,,30550,+1550,+5.34,+31000,+31250,+30200,468459,+157.61,5751100000000,188254000
125490,한라캐스트,KOSDAQ,,14340,+1140,+8.64,+14000,+14450,+13900,731339,+118.21,523400000000,36502000
008770,호텔신라,KOSPI,,47600,+1450,+3.14,+47650,+47950,+46300,358555,+102.49,1868200000000,39248000
086520,에코프로,KOSDAQ,,153100,+8300,+5.73,+153200,+153900,+149100,1297197,-70.00,20787300000000,135776000
166090,하나머티리얼즈,KOSDAQ,,60800,+5300,+9.55,+58800,+60900,+57600,200353,+136.58,1202500000000,19778000
477380,미래에셋비전스팩4호,KOSDAQ,,2075,+5,+0.24,2070,+2075,-2050,1092,-11.02,16800000000,8100000
111770,영원무역,KOSPI,,82700,+1200,+1.47,+87100,+87600,+81700,70290,+130.85,3664600000000,44311000
420770,기가비스,KOSDAQ,,81400,+2900,+3.69,+84500,+85700,-77700,355198,+193.90,1031800000000,12676000
109080,옵티시스,KOSDAQ,,16000,-120,-0.74,+17800,+18610,-15500,2356555,+120.12,90200000000,5636000
011780,금호석유화학,KOSPI,,129900,+6400,+5.18,+129000,+131800,+126100,152434,+195.33,3381500000000,26032000
001040,CJ,KOSPI,,195600,+12400,+6.77,+191000,+197700,+190400,100616,-73.48,5707000000000,29177000
388050,지투파워,KOSDAQ,,12600,+430,+3.53,+12660,+12930,+12400,1330081,-64.69,235700000000,18709000
272110,케이엔제이,KOSDAQ,,34500,+3050,+9.70,+33100,+34550,+32900,121910,+134.51,276900000000,8025000
140670,알에스오토메이션,KOSDAQ,,16420,+1180,+7.74,+15850,+16420,+15780,164953,+124.43,210800000000,12840000
031430,신세계인터내셔날,KOSPI,,12270,+440,+3.72,+11980,+12330,+11950,86211,+170.56,429300000000,34986000
214180,헥토이노베이션,KOSDAQ,,18330,+980,+5.65,+17750,+18410,+17640,74004,-82.12,238200000000,12993000
010120,LS ELECTRIC,KOSPI,,788000,0,0.00,0,0,0,0,0.00,23640000000000,30000000
265520,AP시스템,KOSDAQ,,20250,+1040,+5.41,+19960,+20350,+19960,109856,+147.19,304800000000,15051000
310210,보로노이,KOSDAQ,,280000,+7000,+2.56,+289500,+297500,-271500,119536,+167.07,5152600000000,18402000
0115H0,삼성스팩13호,KOSDAQ,,2015,-5,-0.25,2020,+2025,-2015,66332,+151.29,14800000000,7350000
213420,덕산네오룩스,KOSDAQ,,44550,+2700,+6.45,+44250,+44950,+42100,312669,+173.60,1106200000000,24831000
004020,현대제철,KOSPI,,37850,+3400,+9.87,+36000,+38400,+35700,1481441,+229.25,5050900000000,133446000
085620,미래에셋생명,KOSPI,,16620,+430,+2.66,+16740,+16810,+16330,226768,-99.26,2942000000000,177016000
020400,대동금속,KOSDAQ,,11330,+1350,+13.53,+10380,+11860,+10010,545020,+362.83,36100000000,3189000
092790,넥스틸,KOSPI,,14660,+660,+4.71,-13900,+14870,-13310,3219333,+238.77,381200000000,26002000
278280,천보,KOSDAQ,,53800,+1100,+2.09,+55100,+55200,+53000,76872,-67.04,647000000000,12025000
004690,삼천리,KOSPI,,137900,+2600,+1.92,+137400,+138500,-135000,27460,+313.11,559200000000,4055000
017960,한국카본,KOSPI,,44000,+1300,+3.04,+44850,+45250,42700,493804,-80.59,2284000000000,51908000
094480,갤럭시아머니트리,KOSDAQ,,8270,+550,+7.12,+8010,+8270,+8000,306626,-99.05,324400000000,39230000
005930,삼성전자,KOSPI,,210500,+14000,+7.12,+214000,+214500,+207500,35890973,+116.35,1246083800000000,5919638000
263750,펄어비스,KOSDAQ,,56500,-900,-1.57,+58600,+58800,-55200,1362628,-90.80,3630000000000,64248000
003030,세아제강지주,KOSPI,,235000,-5000,-2.08,-224500,-238500,-224000,49555,-96.11,973300000000,4142000
012330,현대모비스,KOSPI,,407000,+17000,+4.36,+409000,+411000,+397000,333379,+174.90,36928200000000,90733000
093050,LF,KOSPI,,24850,+350,+1.43,+24600,+24950,-24250,32858,-36.05,726600000000,29240000
095610,테스,KOSDAQ,,69100,+6700,+10.74,+66900,+69900,+64600,436383,+230.55,1337800000000,19360000
100590,머큐리,KOSDAQ,,7390,+1700,+29.88,+6080,+7390,+5880,5347391,+377.61,117000000000,15830000
425040,티이엠씨,KOSDAQ,,14550,+720,+5.21,+14420,+14840,+14010,3460312,+154.07,310300000000,21329000
361390,제노코,KOSDAQ,,27950,+1400,+5.27,+27450,+28200,+27250,154846,+117.84,262900000000,9404000
178920,PI첨단소재,KOSPI,,22600,+700,+3.20,+22800,+22800,+22150,168144,-66.83,663700000000,29366000
003380,하림지주,KOSDAQ,,13800,+760,+5.83,+13690,+13960,+13530,847521,+124.92,1545700000000,112006000
178320,서진시스템,KOSDAQ,,44350,+1750,+4.11,+44700,+45600,+43400,1287850,-91.31,2612200000000,58900000
094170,동운아나텍,KOSDAQ,,28650,+1450,+5.33,+28500,+29250,+28100,79293,-63.77,599100000000,20910000
209640,와이제이링크,KOSDAQ,,4260,+305,+7.71,+4115,+4275,+4090,510024,+107.04,121200000000,28443000
006120,SK디스커버리,KOSPI,,54600,+3000,+5.81,+52800,+54800,+52600,34818,-35.72,950800000000,17414000
095340,ISC,KOSDAQ,,257000,+18000,+7.53,+255000,+263000,+245000,465420,+129.43,5447600000000,21197000
474650,링크솔루션,KOSDAQ,,60800,+5800,+10.55,+57700,+60900,+57400,60056,-62.30,349100000000,5741000
130660,한전산업,KOSPI,,19380,+1480,+8.27,+18680,+19380,+18600,621583,+277.79,631800000000,32600000
001440,대한전선,KOSPI,,31400,+3250,+11.55,+29650,+31500,+29550,4798682,+292.34,5854400000000,186447000
024110,기업은행,KOSPI,,22000,+650,+3.04,+22100,+22500,+21900,1175800,+124.42,17543400000000,797426000
081180,쎄크,KOSDAQ,,12210,+870,+7.67,+11720,+12210,+11720,72001,+151.15,107800000000,8826000
487720,키움제10호스팩,KOSDAQ,,2075,0,0.00,+2085,+2085,-2050,2066,-7.30,8800000000,4230000
089010,켐트로닉스,KOSDAQ,,29650,+2800,+10.43,+29250,+29850,+28550,175018,+276.78,484500000000,16339000
251270,넷마블,KOSPI,,50200,+1500,+3.08,+50400,+50900,+50000,155600,-75.98,4114400000000,81960000
353200,대덕전자,KOSPI,,88600,+6100,+7.39,+88400,+90000,+85400,1306737,+128.47,4378300000000,49417000
267250,HD현대,KOSPI,,251000,+14500,+6.13,+252500,+259500,+247500,150429,+131.62,19827300000000,78993000
230240,에치에프알,KOSDAQ,,27850,-650,-2.28,+30150,+31000,-27050,1111352,+167.97,370700000000,13309000
120110,코오롱인더,KOSPI,,83300,+5900,+7.62,+82000,+85000,+80500,315305,+129.70,2292300000000,27519000
020150,롯데에너지머티리얼즈,KOSPI,,45100,-400,-0.88,+46700,+46800,-43650,390619,-79.99,2361700000000,52365000
222080,씨아이에스,KOSDAQ,,12590,+850,+7.24,+12420,+12600,+12200,1824029,-47.05,979300000000,77780000
122640,예스티,KOSDAQ,,22600,+3430,+17.89,+20900,+22600,+20600,543270,+212.49,482500000000,21350000
033500,동성화인텍,KOSDAQ,,25650,+1000,+4.06,+25800,+25800,+24950,174493,+121.90,769200000000,29989000
456040,OCI,KOSPI,,92600,+200,+0.22,+93400,+93800,-90000,47416,-74.32,829000000000,8952000
173130,오파스넷,KOSDAQ,,7450,+230,+3.19,+7390,+7500,+7320,86453,+105.88,97200000000,13046000
229640,LS에코에너지,KOSPI,,45400,+2500,+5.83,+44500,+45650,+43600,212636,+131.17,1390400000000,30625000
277810,레인보우로보틱스,KOSDAQ,,606000,+61000,+11.19,+584000,+613000,+576000,169938,+156.42,11756300000000,19400000
086450,동국제약,KOSDAQ,,27750,-1050,-3.65,+29250,+29400,-26450,1346563,+166.70,1255100000000,45230000
170920,엘티씨,KOSDAQ,,29000,+1550,+5.65,+28550,+31000,+28450,225138,+160.56,306400000000,10564000
000810,삼성화재,KOSPI,,468000,+21500,+4.82,+469500,+474000,+461000,139098,+235.13,21533200000000,46011000
466910,엔에이치스팩30호,KOSDAQ,,4535,-395,-8.01,+4980,+5000,-4490,426626,+279.03,41300000000,9100000
376900,로킷헬스케어,KOSDAQ,,94400,-5400,-5.41,+100200,+102000,-90300,665627,+119.24,1485700000000,15739000
029780,삼성카드,KOSPI,,53600,+600,+1.13,+54400,+55000,+53200,122342,+180.44,6210000000000,115859000
036540,SFA반도체,KOSDAQ,,6890,+600,+9.54,+6700,+6900,+6690,2616706,+219.24,1133100000000,164460000
200670,휴메딕스,KOSDAQ,,32900,+750,+2.33,+33050,+33400,+32750,32330,+117.56,369500000000,11230000
211050,인카금융서비스,KOSDAQ,,11920,+120,+1.02,+12490,+12490,+11820,211851,+144.94,587200000000,49264000
319660,피에스케이,KOSDAQ,,84900,+7200,+9.27,+84900,+87000,+82500,431956,+142.70,2459300000000,28967000
086790,하나금융지주,KOSPI,,117100,+5900,+5.31,+118800,+118900,+116600,1000104,+134.27,32592000000000,278326000
036170,에이치엠넥스,KOSDAQ,,4845,+950,+24.39,+4225,+4960,+4210,8784581,+238.68,297300000000,61366000
036620,감성코퍼레이션,KOSDAQ,,5540,+370,+7.16,+5610,+5620,+5230,537499,+337.78,501400000000,90504000
037460,삼지전자,KOSDAQ,,29200,+2450,+9.16,+27650,+29500,26750,357868,+192.16,476500000000,16319000
036630,세종텔레콤,KOSDAQ,,11130,-20,-0.18,+11480,+11820,-10700,75029,+130.63,111300000000,10000000
078340,컴투스,KOSDAQ,,32800,+700,+2.18,+33600,+33950,+32800,48315,-91.70,396600000000,12091000
281740,레이크머티리얼즈,KOSDAQ,,20150,+890,+4.62,+20200,+20650,+19810,787179,+110.18,1324500000000,65731000
348340,뉴로메카,KOSDAQ,,61600,+4900,+8.64,+59000,+61900,+58400,221271,+128.72,761500000000,12362000
023160,태광,KOSDAQ,,41000,+50,+0.12,+41700,+42200,-38450,854881,+167.68,1060600000000,25867000
194370,제이에스코퍼레이션,KOSPI,,11660,+650,+5.90,+11200,+11780,+11150,126885,-99.35,338300000000,29017000
039200,오스코텍,KOSDAQ,,48700,+1400,+2.96,+49950,+50600,-47200,336054,+252.07,1863200000000,38258000
452280,한선엔지니어링,KOSDAQ,,12960,+260,+2.05,+13170,+13590,+12840,288814,-77.32,249400000000,19246000
478340,나라스페이스테크놀로지,KOSDAQ,,33000,+2250,+7.32,+31850,+33000,+31800,290942,-73.08,380600000000,11534000
457630,대신밸런스제16호스팩,KOSDAQ,,2095,0,0.00,2095,2095,2095,111190,-68.49,15300000000,7310000
187870,디바이스,KOSDAQ,,25400,+4600,+22.12,+21500,+25750,+21500,236652,+362.12,178700000000,7037000
282330,BGF리테일,KOSPI,,133600,-3000,-2.20,+143000,+143000,-131000,93960,+273.90,2309100000000,17284000
006400,삼성SDI,KOSPI,,471500,+15000,+3.29,+471000,+471500,-454500,821542,+108.17,37996100000000,80586000
015750,성우하이텍,KOSDAQ,,8750,+420,+5.04,+8700,+8830,+8650,699241,+162.36,700000000000,80000000
018880,한온시스템,KOSPI,,3950,+230,+6.18,+3870,+3950,+3820,7290411,+130.43,4053700000000,1026263000
457190,이수스페셜티케미컬,KOSPI,,99300,+4800,+5.08,+99400,+99600,+96600,247051,-61.24,3000700000000,30219000
0010F0,보원케미칼,KOSDAQ,,9650,-470,-4.64,+10360,+11060,-9650,10403297,-34.27,107500000000,11144000
012450,한화에어로스페이스,KOSPI,,1484000,-53000,-3.45,-1507000,-1512000,-1450000,287112,+105.02,76520100000000,51563000
042370,비츠로테크,KOSDAQ,,11460,+660,+6.11,+11170,+11530,+11130,312266,-89.76,300300000000,26200000
100700,세운메디칼,KOSDAQ,,2775,-195,-6.57,-2700,-2895,-2700,2557014,-17.14,121500000000,43800000
101490,에스앤에스텍,KOSDAQ,,90700,+11800,+14.96,+84600,+93000,+82200,462472,+336.49,1935100000000,21335000
019540,일지테크,KOSDAQ,,6840,+510,+8.06,+6500,+6870,+6430,356907,+183.68,92400000000,13514000
456010,아이씨티케이,KOSDAQ,,14250,+780,+5.79,+14000,+14380,+13950,230532,-72.43,198100000000,13902000
338220,뷰노,KOSDAQ,,15730,+930,+6.28,+15310,+15730,+15210,70430,+138.68,220200000000,14002000
068270,셀트리온,KOSPI,,202000,+8300,+4.28,+202000,+205000,+196000,579000,+113.72,46671700000000,231048000
003670,포스코퓨처엠,KOSPI,,217500,+8500,+4.07,+217500,+220000,+212500,345070,+105.15,19345800000000,88946000
032350,롯데관광개발,KOSPI,,17010,+920,+5.72,+16720,+17050,-15760,1434273,+120.93,1354000000000,79601000
424870,이뮨온시아,KOSDAQ,,7340,+70,+0.96,+7480,+7540,-7210,290978,-81.51,545800000000,74364000
192410,오늘이엔엠,KOSDAQ,,6950,+520,+8.09,+6590,+7150,-6310,495450,-62.25,162100000000,23331000
027360,아주IB투자,KOSDAQ,,9050,+420,+4.87,+9140,+9290,+8810,6499572,+107.52,1096400000000,121145000
100090,SK오션플랜트,KOSPI,,26600,+750,+2.90,+26000,+27100,-24100,3917869,+139.75,1661900000000,62478000
071050,한국금융지주,KOSPI,,239000,+26000,+12.21,+231500,+240500,+227000,363231,+191.05,13318500000000,55726000
493330,지에프아이,KOSDAQ,,14570,+520,+3.70,14050,+15450,-13980,115609,-55.34,111900000000,7682000
066620,국보디자인,KOSDAQ,,22800,+850,+3.87,+22150,+22850,+22150,4524,-98.50,171000000000,7500000
060370,LS마린솔루션,KOSDAQ,,30100,+1150,+3.97,+30400,+30650,+29650,318424,+187.80,1572400000000,52239000
0009K0,에임드바이오,KOSDAQ,,48050,+2750,+6.07,+47900,+49200,+47000,211496,+148.91,3107400000000,64671000
437730,삼현,KOSDAQ,,48850,+3200,+7.01,+47800,+49100,+47650,154399,-78.98,1548900000000,31708000
007070,GS리테일,KOSPI,,21550,-700,-3.15,+22750,+23200,-21250,209271,+184.54,1801700000000,83607000
399720,가온칩스,KOSDAQ,,64800,+4200,+6.93,+64000,+65000,+62200,87715,+174.45,751700000000,11600000
096770,SK이노베이션,KOSPI,,120400,-1400,-1.15,+125000,+125500,-115500,807415,+117.01,20354000000000,169053000
000150,두산,KOSPI,,1204000,+155000,+14.78,+1200000,+1224000,+1134000,155769,+241.73,19497400000000,16194000
330860,네패스아크,KOSDAQ,,29750,+1450,+5.12,+30500,+30550,+28900,548099,-92.23,362500000000,12184000
108320,LX세미콘,KOSPI,,51100,+2100,+4.29,+50400,+51400,+49350,98223,+185.60,831100000000,16264000
047770,코데즈컴바인,KOSDAQ,,4755,+260,+5.78,+4680,+4990,+4670,2483351,+127.41,179900000000,37843000
0088M0,메쥬,KOSDAQ,,30350,+300,+1.00,+31100,+33350,-29200,372531,-53.41,294900000000,9718000
306200,세아제강,KOSPI,,141900,+1700,+1.21,-140000,+142800,-136300,25864,+127.12,402500000000,2836000
460860,동국제강,KOSPI,,9990,+600,+6.39,+9560,+10040,+9430,554891,-27.01,495600000000,49608000
068930,디지털대성,KOSDAQ,,8050,+20,+0.25,8030,+8070,-7950,30015,+168.62,222800000000,27675000
128940,한미약품,KOSPI,,493500,-13500,-2.66,+528000,+538000,-475500,180967,+307.96,6322200000000,12811000
036010,아비코전자,KOSDAQ,,9590,-30,-0.31,+9960,+9960,-9410,291933,-81.16,127500000000,13293000
110990,디아이티,KOSDAQ,,20050,+1200,+6.37,+19640,+20050,+19420,118315,+124.27,378900000000,18900000
042000,카페24,KOSDAQ,,27000,+1800,+7.14,+26800,+27400,+26450,106851,+170.61,654800000000,24253000
042520,한스바이오메드,KOSDAQ,,32000,+800,+2.56,+32750,+32750,-29850,238306,-98.87,456400000000,14261000
025320,시노펙스,KOSDAQ,,6110,+270,+4.62,+6090,+6220,+6040,770080,+122.17,563100000000,92155000
138080,오이솔루션,KOSDAQ,,39450,+100,+0.25,+42850,+42900,-37400,966912,+115.12,484000000000,12270000
475400,씨메스,KOSDAQ,,30450,+1450,+5.00,+30500,+31900,+29950,57665,+125.07,358000000000,11756000
356860,티엘비,KOSDAQ,,73800,+4300,+6.19,+74800,+76600,+70800,393483,+127.42,725600000000,9833000
294570,쿠콘,KOSDAQ,,27350,+1600,+6.21,+26850,+27550,+26600,27359,-83.47,276000000000,10092000
302440,SK바이오사이언스,KOSPI,,41750,+1450,+3.60,+41800,+42400,+41050,136034,+101.34,3274600000000,78435000
045100,한양이엔지,KOSDAQ,,32400,+1450,+4.68,+32700,+32900,+31600,125002,-45.94,567000000000,17500000
232680,라온로보틱스,KOSDAQ,,15600,+1440,+10.17,+14860,+15670,+14620,213296,+194.60,203000000000,13015000
440110,파두,KOSDAQ,,57000,+10000,+21.28,+51300,+57400,+50300,2098814,+234.09,2854300000000,50075000
055550,신한지주,KOSPI,,96700,+5300,+5.80,+96300,+98400,+95600,1289184,+144.72,45899100000000,474654000
331740,아우토크립트,KOSDAQ,,15280,+900,+6.26,+14860,+15480,+14600,72576,-70.79,148500000000,9718000
161580,필옵틱스,KOSDAQ,,39900,+3500,+9.62,+38700,+39900,+38100,235827,+164.29,933800000000,23403000
149950,아바텍,KOSDAQ,,9920,+430,+4.53,+9690,+9950,+9690,36798,-92.73,135600000000,13668000
365340,성일하이텍,KOSDAQ,,66000,-500,-0.75,+69400,+69400,-63600,168186,-55.58,810000000000,12273000
052400,코나아이,KOSDAQ,,55400,+3500,+6.74,+54700,+56300,+54400,91189,+179.47,806800000000,14563000
043260,성호전자,KOSDAQ,,42600,+2000,+4.93,+43750,+46550,+41375,1380080,+130.77,3021300000000,70923000
103140,풍산,KOSPI,,103700,+1600,+1.57,-100600,+103900,-100300,478387,-31.54,2906100000000,28024000
214370,케어젠,KOSDAQ,,86600,+4600,+5.61,+88200,+88900,+83100,138913,-40.24,4651700000000,53715000
204610,티쓰리,KOSDAQ,,2675,+155,+6.15,+2580,+2765,+2560,291865,+156.90,147100000000,55002000
161390,한국타이어앤테크놀로지,KOSPI,,61500,+8200,+15.38,+57700,+61600,+55900,742410,+297.66,7618300000000,123875000
052690,한전기술,KOSPI,,172800,+14700,+9.30,+165000,+174500,+165000,356547,+248.82,6604400000000,38220000
079960,동양이엔피,KOSDAQ,,27850,+700,+2.58,+27850,+28100,+27650,33477,-65.60,218900000000,7860000
000815,삼성화재우,KOSPI,,377000,+13000,+3.57,+370500,+377500,+370500,17251,+219.28,1168500000000,3100000
031330,에스에이엠티,KOSDAQ,,5830,+650,+12.55,+5500,+5900,+5410,1695988,+314.08,583000000000,99995000
368770,파이버프로,KOSDAQ,,20550,+300,+1.48,+21000,+21650,-19970,1019526,+112.71,675200000000,32854000
236200,슈프리마,KOSDAQ,,46200,+2800,+6.45,+46150,+47200,+45550,42596,+130.88,322200000000,6974000
039490,키움증권,KOSPI,,459500,+50000,+12.21,+442500,+468500,+432500,173896,+221.79,12044300000000,26212000
005810,풍산홀딩스,KOSPI,,54100,-700,-1.28,+55500,+58600,-51200,1334419,-34.89,780000000000,14417000
092730,네오팜,KOSDAQ,,17280,+310,+1.83,+17350,+17350,+17030,59483,+139.83,277000000000,16028000
475230,엔알비,KOSDAQ,,22050,+1600,+7.82,+21400,+22350,+21200,183453,+179.32,238700000000,10826000
005290,동진쎄미켐,KOSDAQ,,47900,+3150,+7.04,+47000,+48400,+46250,1298968,+188.04,2462800000000,51414000
371950,풍원정밀,KOSDAQ,,11710,+710,+6.45,+11800,+11960,+11100,65180,-10.43,265400000000,22663000
255220,SG,KOSDAQ,,2865,+115,+4.18,+2910,+2960,+2755,11771501,+485.04,312900000000,109205000
090360,로보스타,KOSDAQ,,58800,+3300,+5.95,+57800,+59500,+57400,88432,+204.78,573300000000,9750000
042600,새로닉스,KOSDAQ,,20150,-100,-0.49,+21100,+21200,-19620,160944,-41.83,250300000000,12424000
123410,코리아에프티,KOSDAQ,,7170,+360,+5.29,+6980,+7200,+6980,117515,+118.47,199600000000,27841000
000370,한화손해보험,KOSPI,,6570,+310,+4.95,+6520,+6600,+6320,506216,+251.16,767000000000,116739000
218410,RFHIC,KOSDAQ,,85100,+2300,+2.78,+87700,+88200,82800,589540,+197.69,2259700000000,26553000
007390,네이처셀,KOSDAQ,,18200,+920,+5.32,+18280,+18560,+18000,460887,+133.52,1172700000000,64435000
456160,지투지바이오,KOSDAQ,,68000,+1700,+2.56,+69300,+70200,+66900,227169,+128.93,1125100000000,16545000
019210,와이지-원,KOSDAQ,,12370,-310,-2.44,+13240,+13390,-12240,1255142,+103.34,460100000000,37194000
475830,오름테라퓨틱,KOSDAQ,,78700,+2000,+2.61,+80800,+82200,+77200,238133,+147.17,1671000000000,21232000
042700,한미반도체,KOSPI,,280500,+27000,+10.65,+277000,+281500,+267500,1027627,+177.37,26735100000000,95312000
139480,이마트,KOSPI,,93700,+1500,+1.63,+94400,+95500,+92800,248080,+147.33,2585700000000,27596000
194700,노바렉스,KOSDAQ,,13400,+200,+1.52,+13220,+13490,+13220,23802,-82.07,251300000000,18755000
114840,아이패밀리에스씨,KOSDAQ,,10970,+380,+3.59,+10750,+11000,+10750,24075,-32.11,190000000000,17320000
405100,큐알티,KOSDAQ,,18400,+2810,+18.02,+17120,+19070,+16610,844406,+1757.64,226100000000,12289000
354320,알멕,KOSDAQ,,62000,+4500,+7.83,+58000,+62900,+58000,258651,+211.23,396300000000,6391000
033790,피노,KOSDAQ,,10050,+500,+5.24,+9800,+10390,-9330,7027388,+105.38,683800000000,68037000
361610,SK아이이테크놀로지,KOSPI,,22350,+300,+1.36,+23050,+23150,-22000,174066,-99.70,1827900000000,81787000
336260,두산퓨얼셀,KOSPI,,36600,+2100,+6.09,+35950,+36600,+35200,382136,-65.50,2397100000000,65494000
035900,JYP Ent.,KOSDAQ,,61200,+2600,+4.44,+60700,+61400,+60100,202754,+127.14,2174600000000,35532000
017890,한국알콜,KOSDAQ,,11280,+460,+4.25,-10450,+11330,-10450,436846,-21.95,240000000000,21274000
462860,더즌,KOSDAQ,,3435,+215,+6.68,+3270,+3445,+3270,529494,-71.14,246800000000,71844000
425420,티에프이,KOSDAQ,,55100,-900,-1.61,+60000,+60000,-54200,319017,+398.07,659000000000,11961000
005850,에스엘,KOSPI,,58900,+4700,+8.67,+56700,+59400,+56100,181511,+190.73,2735800000000,46449000
080580,오킨스전자,KOSDAQ,,20450,+2860,+16.26,+18940,+20700,+18770,1002928,+213.45,420900000000,20581000
085910,네오티스,KOSDAQ,,21450,+250,+1.18,+22700,+22850,-20450,290670,+172.11,298900000000,13935000
053690,한미글로벌,KOSPI,,32750,+4400,+15.52,+30600,+33300,+30000,2371697,+392.34,358900000000,10958000
290660,네오펙트,KOSDAQ,,1188,+104,+9.59,+1170,+1248,+1120,4443925,-87.14,92500000000,77859000
006730,서부T&D,KOSDAQ,,13210,+220,+1.69,+13440,+13660,+13100,630182,+220.22,857700000000,64927000
355150,코스텍시스,KOSDAQ,,22750,+300,+1.34,+23400,+23800,-21900,214826,+151.07,177400000000,7797000
0120G0,삼양바이오팜,KOSPI,,77500,0,0.00,+80400,+81200,-72300,311288,+205.26,576300000000,7436000
297090,씨에스베어링,KOSDAQ,,7730,-70,-0.90,+7850,+7980,-7450,695892,+102.10,210800000000,27270000
473980,노머스,KOSDAQ,,18280,+1030,+5.97,+17790,+18560,+17710,72474,+106.66,202100000000,11057000
082920,비츠로셀,KOSDAQ,,38850,+900,+2.37,-36450,+39500,-35600,1633004,+323.96,1761400000000,45339000
394420,리센스메디컬,KOSDAQ,,24200,+600,+2.54,-23300,+25800,-22900,2408916,-51.00,262600000000,10850000
104200,NHN벅스,KOSDAQ,,3920,-75,-1.88,+4030,+4270,-3860,361175,-15.30,58100000000,14828000
317330,덕산테코피아,KOSDAQ,,17030,+340,+2.04,+17700,+17700,-16660,261723,+100.56,348700000000,20477000
484870,엠앤씨솔루션,KOSPI,,104600,+4400,+4.39,+101600,+106800,-99300,46564,+144.63,957500000000,9154000
000155,두산우,KOSPI,,555000,+103500,+22.92,+477000,+555000,+477000,81213,+450.48,2218000000000,3996000
267270,HD건설기계,KOSPI,,160900,+13100,+8.86,+158600,+164800,+155600,789601,+194.46,7719000000000,47974000
051915,LG화학우,KOSPI,,166000,+7900,+5.00,+164500,+166000,+161200,52681,+147.22,1276300000000,7689000
476060,온코닉테라퓨틱스,KOSDAQ,,20900,+1470,+7.57,+20400,+20900,+20000,363225,+138.13,938200000000,44888000
051600,한전KPS,KOSPI,,57700,+1900,+3.41,+58000,+58300,+57100,292530,+192.46,2596500000000,45000000
441270,파인엠텍,KOSDAQ,,9330,+260,+2.87,+9420,+9480,-9000,767199,+217.21,388100000000,41599000
389030,지니너스,KOSDAQ,,4880,+85,+1.77,+5050,+5060,-4680,776821,-78.94,163200000000,33435000
104830,원익머트리얼즈,KOSDAQ,,42250,+1450,+3.55,+42400,+42600,+41500,60879,+119.56,532700000000,12608000
039440,에스티아이,KOSDAQ,,31350,+2100,+7.18,+30900,+31450,+30400,133258,+125.98,486100000000,15507000
080160,모두투어,KOSDAQ,,11340,+400,+3.66,+11250,+11420,+11130,71081,+172.01,214300000000,18900000
051900,LG생활건강,KOSPI,,247000,+11000,+4.66,+241500,+247500,+240500,54278,+133.83,3779700000000,15302000
090710,휴림로봇,KOSDAQ,,11580,+1180,+11.35,+10870,+11740,+10750,8855522,+235.41,1383300000000,119457000
124500,아이티센글로벌,KOSDAQ,,48550,+4800,+10.97,+46150,+49700,+46000,257159,-92.20,1126600000000,23205000
141080,리가켐바이오,KOSDAQ,,175700,+5400,+3.17,+179600,+182300,+171100,568335,+188.99,6432400000000,36610000
204320,HL만도,KOSPI,,50900,+3100,+6.49,+49950,+50900,+49450,388970,+211.22,2390100000000,46957000
089030,테크윙,KOSDAQ,,50800,+3700,+7.86,+50400,+51000,+49500,1233577,+176.42,1882300000000,37054000
102710,이엔에프테크놀로지,KOSDAQ,,48200,+2700,+5.93,+48200,+48350,+46400,109684,+248.91,688700000000,14288000
089970,브이엠,KOSDAQ,,43500,+4150,+10.55,+42200,+43750,+41250,670840,+324.72,1061900000000,24412000
241560,두산밥캣,KOSPI,,66200,+4400,+7.12,+65000,+67000,+63800,424317,+185.01,6345700000000,95856000
051370,인터플렉스,KOSDAQ,,12140,+520,+4.48,+12080,+12430,+12020,288530,+239.15,283200000000,23327000
114090,GKL,KOSPI,,11380,+180,+1.61,+11540,+11580,+11350,151829,-98.54,703900000000,61856000
099320,쎄트렉아이,KOSDAQ,,171900,+10500,+6.51,+167900,+172200,+165100,95070,+129.98,1882500000000,10951000
077360,덕산하이메탈,KOSDAQ,,12800,+990,+8.38,+12330,+13000,+11900,2362112,-62.31,581600000000,45437000
028050,삼성E&A,KOSPI,,50500,+2700,+5.65,+52500,+53300,+49300,9394497,-85.59,9898000000000,196000000
454910,두산로보틱스,KOSPI,,88700,+7300,+8.97,+85000,+88800,+84300,262786,+210.96,5749500000000,64820000
036830,솔브레인홀딩스,KOSDAQ,,51900,+400,+0.78,+54100,+54300,-51400,77150,-77.02,1064200000000,20504000
298690,에어부산,KOSPI,,2020,+86,+4.45,+1955,+2035,+1935,903800,+184.28,235600000000,116640000
006910,보성파워텍,KOSDAQ,,10230,+1220,+13.54,+9500,+10420,+9420,4728449,+302.58,502600000000,49130000
015860,일진홀딩스,KOSPI,,7310,+340,+4.88,+7170,+7330,+7170,85764,-78.93,360700000000,49347000
357580,아모센스,KOSDAQ,,13670,-1230,-8.26,+15460,+15850,-13400,877151,+169.33,159300000000,11654000
090435,아모레퍼시픽우,KOSPI,,45850,+1000,+2.23,+46000,+46150,+45000,9007,-64.04,484100000000,10558000
375500,DL이앤씨,KOSPI,,95200,+19600,+25.93,+80300,+97200,+79800,6062851,+409.03,3683600000000,38694000
034120,SBS,KOSPI,,15080,+310,+2.10,+15030,+15110,+15000,17679,-31.44,279800000000,18551000
000120,CJ대한통운,KOSPI,,104400,+2400,+2.35,+106400,+108400,+103900,54487,+109.19,2381600000000,22812000
038110,에코플라스틱,KOSDAQ,,3510,-490,-12.25,-3600,-3750,-3500,7213536,-33.62,144500000000,41169000
052330,코텍,KOSDAQ,,10420,+240,+2.36,+10350,+10530,-10160,31807,+149.03,185100000000,17762000
068790,DMS,KOSDAQ,,7650,+500,+6.99,+7390,+7710,+7380,203409,+109.39,172700000000,22570000
003690,코리안리,KOSPI,,11910,-240,-1.98,+12300,+12350,-11780,819193,+514.01,2320300000000,194821000
267260,HD현대일렉트릭,KOSPI,,980000,+89000,+9.99,+962000,+992000,+946000,156758,+270.17,35326200000000,36047000
276040,스코넥,KOSDAQ,,327,0,0.00,0,0,0,0,0.00,7100000000,21630000
004650,창해에탄올,KOSDAQ,,10460,-1550,-12.91,-10540,-11390,-10270,1936828,-11.52,96100000000,9191000
353810,이지바이오,KOSDAQ,,7400,-10,-0.13,+7480,+7540,-7190,193747,+107.74,244800000000,33082000
100790,미래에셋벤처투자,KOSDAQ,,29650,+3000,+11.26,+28900,+30750,+27650,5625547,+212.94,1575100000000,53125000
076610,해성옵틱스,KOSDAQ,,1501,+136,+9.96,+1414,+1592,+1390,8466853,+156.97,79800000000,53175000
185750,종근당,KOSPI,,88100,+1900,+2.20,+88700,+89500,+86800,39314,+139.90,1216000000000,13803000
009970,영원무역홀딩스,KOSPI,,215500,+10000,+4.87,+230000,+230500,+210000,21067,+257.45,2909100000000,13499000
475150,SK이터닉스,KOSPI,,57900,-600,-1.03,+58900,+59500,-55500,1874679,-88.22,1972500000000,34067000
234690,녹십자웰빙,KOSDAQ,,13670,-250,-1.80,+14060,+14300,-13220,455852,-87.37,242700000000,17752000
259960,크래프톤,KOSPI,,234000,+1000,+0.43,+244000,+245500,+233500,108680,+136.61,11093000000000,47406000
090470,제이스텍,KOSDAQ,,7980,+510,+6.83,+7720,+8090,+7640,121938,-93.65,139500000000,17477000
419530,SAMG엔터,KOSDAQ,,32700,+2400,+7.92,+31100,+32700,+31000,60517,-62.44,326700000000,9992000
338100,NH프라임리츠,KOSPI,,4700,-30,-0.63,+4750,+4755,-4700,78028,-75.05,87700000000,18660000
014680,한솔케미칼,KOSPI,,272500,+12000,+4.61,+279000,+280500,+266500,96949,+193.26,3098400000000,11370000
003850,보령,KOSPI,,9730,+330,+3.51,+9530,+9780,+9430,310885,-46.93,834700000000,85787000
408470,한패스,KOSDAQ,,17840,-1130,-5.96,+19420,+19880,-17770,1158699,-19.10,188600000000,10572000
010950,S-Oil,KOSPI,,112100,-2700,-2.35,+117200,+119000,-110000,618205,+124.22,12620500000000,112583000
307950,현대오토에버,KOSPI,,415500,+45500,+12.30,+393500,+416000,+387000,101352,+292.59,11394700000000,27424000
373220,LG에너지솔루션,KOSPI,,406000,-2500,-0.61,+419500,+422000,-400500,521932,+167.75,95004000000000,234000000
011070,LG이노텍,KOSPI,,347000,+21500,+6.61,+348500,+356000,+335500,268614,+134.49,8212500000000,23667000
092870,엑시콘,KOSDAQ,,27400,+2000,+7.87,+27300,+27500,+26350,205782,+174.87,357600000000,13051000
007340,DN오토모티브,KOSPI,,36350,+1900,+5.52,+36700,+37000,+35350,185016,-69.30,2126900000000,58511000
0015N0,아로마티카,KOSDAQ,,9750,+390,+4.17,+9600,+10150,+9600,237515,-47.86,124000000000,12715000
078150,HB테크놀러지,KOSDAQ,,2310,+205,+9.74,+2180,+2315,+2175,3465423,+263.34,214200000000,92716000
060250,NHN KCP,KOSDAQ,,16630,+1350,+8.84,+15800,+16680,+15800,923888,+147.04,667900000000,40161000
035810,이지홀딩스,KOSDAQ,,5710,+140,+2.51,+5670,+5740,+5640,244750,+107.27,368400000000,64516000
000210,DL,KOSPI,,66800,+2500,+3.89,+66800,+70800,+65100,432045,+213.69,1399900000000,20956000
031980,피에스케이홀딩스,KOSDAQ,,107400,+11900,+12.46,+101500,+109500,+101500,237658,+165.87,2315800000000,21562000
088980,맥쿼리인프라,KOSPI,,11310,+40,+0.35,+11320,+11360,+11300,1220497,+151.76,5416600000000,478922000
382800,지앤비에스 에코,KOSDAQ,,5820,+480,+8.99,+5500,+5940,+5370,1259989,+124.09,185300000000,31831000
001780,알루코,KOSPI,,2505,-90,-3.47,-2460,-2585,-2455,5442913,-48.83,242600000000,96830000
024060,흥구석유,KOSDAQ,,18840,-4010,-17.55,-18460,-19950,-18400,8414240,-34.40,282600000000,15000000
338840,와이바이오로직스,KOSDAQ,,24650,+600,+2.49,+25550,+25600,-23450,398776,+146.27,374100000000,15178000
247540,에코프로비엠,KOSDAQ,,208500,+7000,+3.47,+212500,+214500,+205000,585119,+107.92,20397600000000,97830000
455310,한화플러스제4호스팩,KOSDAQ,,2100,0,0.00,2100,2100,2100,99257,-23.24,10600000000,5060000
107600,새빗켐,KOSDAQ,,27900,+1000,+3.72,+27850,+28100,+27100,57536,-14.25,157100000000,5630000
290740,액트로,KOSDAQ,,17000,+1350,+8.63,+16250,+17060,+16100,126218,-43.58,171100000000,10065000
192820,코스맥스,KOSPI,,185400,+5300,+2.94,+188300,+190600,-178500,99873,+162.51,2104200000000,11350000
006280,녹십자,KOSPI,,142600,+4200,+3.03,+142500,+144500,+141100,27783,-47.76,1666500000000,11687000
248070,솔루엠,KOSPI,,17000,+690,+4.23,+16670,+17160,+16400,244549,-44.04,812900000000,47816000
047040,대우건설,KOSPI,,22550,+5200,+29.97,+18780,+22550,+18660,90652757,+258.04,9372300000000,415623000
031210,서울보증보험,KOSPI,,48200,+550,+1.15,+48100,+49100,+47850,165390,+123.15,3365400000000,69822000
272210,한화시스템,KOSPI,,130600,-1100,-0.84,-130500,+133300,-128300,1008429,-53.27,24672900000000,188919000
490470,세미파이브,KOSDAQ,,25300,+2250,+9.76,+24450,+25450,+24050,517375,+108.75,856600000000,33859000
217730,강스템바이오텍,KOSDAQ,,3230,+120,+3.86,+3175,+3290,+3160,1309227,+119.26,303800000000,94054000
252990,샘씨엔에스,KOSDAQ,,9840,+720,+7.89,+9540,+9860,+9300,453118,+132.09,592500000000,60218000
466810,BNK 2차전지양극재,KOSPI,,7735,+255,+3.41,+7770,+7770,+7530,121142,-24.23,12000000000,1550000
010170,대한광통신,KOSDAQ,,14690,+2050,+16.22,+13900,+15190,+12830,70070033,+208.63,2284100000000,155486000
221800,유투바이오,KOSDAQ,,18810,-170,-0.90,+19400,+19690,-18510,324817,-23.81,299700000000,15932000
058970,엠로,KOSDAQ,,26950,+1000,+3.85,+26900,+27800,+26450,72915,+207.07,333100000000,12361000
279570,케이뱅크,KOSPI,,6220,+270,+4.54,+6110,+6250,+6040,3944995,+119.12,2523400000000,405695000
018670,SK가스,KOSPI,,243000,-15000,-5.81,-249000,-250500,-237000,59412,+164.58,2246600000000,9245000
006110,삼아알미늄,KOSPI,,42200,+6050,+16.74,-34400,+43900,-34350,2013359,+279.87,638200000000,15123000
004370,농심,KOSPI,,371500,+6000,+1.64,+373500,+376000,+367500,20770,+154.93,2259700000000,6083000
228760,지노믹트리,KOSDAQ,,17200,+210,+1.24,+17400,+17490,-16870,97937,+119.65,427600000000,24859000
078600,대주전자재료,KOSDAQ,,117000,+3600,+3.17,+121000,+121000,+113800,275388,+149.03,1816800000000,15528000
365270,큐라클,KOSDAQ,,13970,+650,+4.88,+13500,+14090,+13500,174987,-87.37,306300000000,21925000
069960,현대백화점,KOSPI,,79000,+4300,+5.76,+77800,+79500,+77800,102293,-91.20,1787700000000,22629000
443060,HD현대마린솔루션,KOSPI,,176800,+4800,+2.79,+180500,+181900,+174600,95844,+163.47,7926200000000,44831000
174900,앱클론,KOSDAQ,,53500,+2600,+5.11,+53400,+54600,-49950,479324,+185.40,1066000000000,19926000
242040,나무기술,KOSDAQ,,5830,+790,+15.67,+5220,+6230,+5220,5439940,+214.51,201800000000,34606000
327260,RF머트리얼즈,KOSDAQ,,71800,-2000,-2.71,+85000,+85200,-67800,775907,+348.71,610000000000,8495000
000270,기아,KOSPI,,159200,+8400,+5.57,+158200,+160000,+155300,1136144,+158.02,62153700000000,390413000
207940,삼성바이오로직스,KOSPI,,1598000,+12000,+0.76,+1659000,+1660000,+1591000,52453,+166.78,73972900000000,46291000
000660,SK하이닉스,KOSPI,,1033000,+117000,+12.77,+1007000,+1056000,+992000,6709356,+185.34,736221500000000,712702000
347850,디앤디파마텍,KOSDAQ,,69800,+2200,+3.25,+72100,+72400,+69000,403701,+120.44,3057500000000,43804000
090430,아모레퍼시픽,KOSPI,,130300,+2600,+2.04,+132400,+134800,+129100,190412,+110.39,7621600000000,58493000
092070,디엔에프,KOSDAQ,,21200,+1470,+7.45,+20400,+21400,+20150,105065,+217.43,245300000000,11572000
069620,대웅제약,KOSPI,,149800,+500,+0.33,+154000,+156200,+149600,34456,+135.89,1735700000000,11587000
078350,한양디지텍,KOSDAQ,,29050,+2600,+9.83,+28500,+29150,+27150,256471,+126.89,442800000000,15244000
289080,SV인베스트먼트,KOSDAQ,,3805,+220,+6.14,+3705,+4000,+3700,2939506,-39.69,206700000000,54316000
005490,POSCO홀딩스,KOSPI,,362500,+17000,+4.92,+358000,+363500,+351000,454015,+166.32,29338200000000,80933000
131030,옵투스제약,KOSDAQ,,8940,-40,-0.45,-8420,+9490,-8300,983570,-80.42,157800000000,17647000
083650,비에이치아이,KOSDAQ,,94700,+4900,+5.46,+94100,+95900,+93000,375633,+164.52,2930400000000,30944000
189300,인텔리안테크,KOSDAQ,,119300,+7100,+6.33,+119300,+120800,+116300,95788,+102.58,1281000000000,10737000
462350,이노스페이스,KOSDAQ,,16450,+1340,+8.87,+15500,+16600,+15200,411071,+188.52,341100000000,20734000
058610,에스피지,KOSDAQ,,113800,+9900,+9.53,+109900,+114800,+108700,233164,+140.39,2523800000000,22177000
200710,에이디테크놀로지,KOSDAQ,,54500,+5400,+11.00,+51600,+54800,+49450,665873,+153.90,732500000000,13441000
432720,퀄리타스반도체,KOSDAQ,,15650,+950,+6.46,+15600,+15970,+15160,634894,-96.02,221600000000,14157000
066570,LG전자,KOSPI,,116700,+9600,+8.96,+114200,+117300,+112900,1193144,+109.42,19008800000000,162886000
006360,GS건설,KOSPI,,37400,+8600,+29.86,+30600,+37400,+30300,15674061,+586.22,3200700000000,85581000
035150,백산,KOSPI,,12770,+330,+2.65,+12530,+12870,+12530,20023,-54.61,259400000000,20310000
127120,제이에스링크,KOSDAQ,,39350,-700,-1.75,+40600,+41300,-38500,224694,+139.40,1342600000000,34119000
094820,일진파워,KOSDAQ,,17000,+740,+4.55,+16790,+17130,+16750,281360,+142.73,256300000000,15079000
011790,SKC,KOSPI,,96100,+4800,+5.26,+95800,+96100,+94100,174610,-80.00,3639100000000,37868000
004490,세방전지,KOSPI,,61100,+1500,+2.52,+61200,+61700,+60500,50746,+163.04,846800000000,13860000
016250,SGC E&C,KOSDAQ,,17780,+2330,+15.08,+15890,+18490,+15890,76021,+1565.51,89600000000,5037000
317450,명인제약,KOSPI,,56900,+600,+1.07,+57400,+57700,56300,25196,-45.94,830700000000,14600000
121600,나노신소재,KOSDAQ,,67400,+2600,+4.01,+68000,+68100,+65500,90891,-77.60,823000000000,12211000
003540,대신증권,KOSPI,,38150,+2050,+5.68,+37700,+38350,+37350,127756,+208.06,1937000000000,50773000
196170,알테오젠,KOSDAQ,,374500,+20500,+5.79,+372000,+381000,+371000,362154,+189.12,20048400000000,53534000
105330,케이엔더블유,KOSDAQ,,8410,-140,-1.64,+8600,+8740,-8110,254493,-84.32,135100000000,16060000
222800,심텍,KOSDAQ,,68000,+10100,+17.44,+61500,+68000,+60500,2071095,+262.97,2539300000000,37342000
051910,LG화학,KOSPI,,344500,+21000,+6.49,+342000,+346500,+331000,374125,+119.45,24319100000000,70592000
011210,현대위아,KOSPI,,79800,+4200,+5.56,+78900,+80000,+77700,110024,+132.63,2170200000000,27195000
065450,빅텍,KOSDAQ,,4875,-415,-7.84,-4780,-5060,-4780,3601827,+130.82,140200000000,28768000
043370,피에이치에이,KOSDAQ,,12590,+480,+3.96,+12370,+12620,+12350,37972,+142.70,264400000000,21000000
253450,스튜디오드래곤,KOSDAQ,,34200,+800,+2.40,+34600,+35150,+33950,88958,+101.76,1028000000000,30058000
000240,한국앤컴퍼니,KOSPI,,24000,+1200,+5.26,+24050,+24500,+23350,215032,+122.91,2278400000000,94935000
137080,나래나노텍,KOSDAQ,,5480,-60,-1.08,+5730,+5730,-5320,53139,+121.84,60600000000,11059000
009450,경동나비엔,KOSPI,,65000,+2800,+4.50,+63000,+65700,+62500,51303,+193.97,947000000000,14569000
402490,그린리소스,KOSDAQ,,15590,+790,+5.34,+15910,+16640,+15170,2698665,+196.83,258300000000,16565000
039030,이오테크닉스,KOSDAQ,,442000,+30000,+7.28,+440000,+445000,+427000,127096,+226.45,5445200000000,12320000
036220,오상헬스케어,KOSDAQ,,8350,+130,+1.58,+8390,+8430,8220,10708,-58.71,121200000000,14509000
195940,HK이노엔,KOSDAQ,,48950,+1900,+4.04,+48950,+49500,+48250,108079,+122.35,1386700000000,28330000
024840,KBI메탈,KOSDAQ,,2490,+95,+3.97,+2480,+2505,2395,2046620,+112.16,86900000000,34909000
181710,NHN,KOSPI,,37150,+1600,+4.50,+36450,+37300,+36000,50969,+173.98,1216800000000,32753000
419120,산돌,KOSDAQ,,4020,+10,+0.25,+4055,+4060,-3945,46766,-97.23,59200000000,14718000
006260,LS,KOSPI,,287000,+25500,+9.75,+277500,+290500,+276000,176021,-99.40,8954400000000,31200000
002310,아세아제지,KOSPI,,9090,-140,-1.52,9230,9230,-8760,409722,+181.37,368000000000,40483000
214150,클래시스,KOSDAQ,,52800,+1500,+2.92,+53900,+54700,+52500,262766,+259.83,3444400000000,65236000
034230,파라다이스,KOSPI,,14850,+250,+1.71,+15130,+15320,+14740,950301,+127.39,1375500000000,92629000
298380,에이비엘바이오,KOSDAQ,,158400,+4600,+2.99,+164000,+165100,+156300,494653,-99.31,8868400000000,55987000
034730,SK,KOSPI,,342000,+29500,+9.44,+332500,+345500,+331250,215027,+190.01,24795900000000,72503000
004170,신세계,KOSPI,,330000,+19000,+6.11,+322500,+333000,+319000,55458,+130.04,3182900000000,9645000
084370,유진테크,KOSDAQ,,133600,+13500,+11.24,+128900,+134400,+125600,235603,+328.50,3061600000000,22916000
089890,코세스,KOSDAQ,,22400,+1700,+8.21,+22000,+23100,+21400,138760,+116.54,371500000000,16585000
041830,인바디,KOSDAQ,,28300,+900,+3.28,+28600,+28900,+28050,31357,+203.23,381500000000,13481000
001800,오리온홀딩스,KOSPI,,22950,+250,+1.10,+23600,+23800,+22900,103074,+104.74,1437700000000,62645000
000720,현대건설,KOSPI,,188700,+32800,+21.04,+165200,+198400,+164900,5892562,+461.80,21012800000000,111356000
005440,현대지에프홀딩스,KOSPI,,13410,-60,-0.45,+13980,+13980,-13290,199330,+126.09,2090700000000,155904000
376300,디어유,KOSDAQ,,31350,+2500,+8.67,+30650,+32500,+30300,104532,-92.82,744200000000,23738000
034020,두산에너빌리티,KOSPI,,101200,+6300,+6.64,+99200,+101700,+99200,4010457,+190.76,64824800000000,640561000
041910,폴라리스AI파마,KOSDAQ,,7010,+230,+3.39,+6880,+7020,+6880,174892,+129.70,94600000000,13502000
093370,후성,KOSPI,,9710,-160,-1.62,+10150,+10200,-9140,4412155,-86.32,1041400000000,107255000
214450,파마리서치,KOSDAQ,,294500,+12000,+4.25,+294000,+297500,+287500,61685,+104.31,3059800000000,10390000
329180,HD현대중공업,KOSPI,,484500,+14500,+3.09,+489500,+498500,+480500,366294,+166.40,50853700000000,104961000
389020,자람테크놀로지,KOSDAQ,,48600,+2850,+6.23,+48000,+49800,+47250,116496,-93.87,315900000000,6500000
321370,센서뷰,KOSDAQ,,2940,+180,+6.52,+2815,+3440,-2645,12281380,+225.91,151900000000,51665000
126340,비나텍,KOSDAQ,,100900,-2400,-2.32,+108800,+109000,-91500,405305,+216.45,701000000000,6947000
001450,현대해상,KOSPI,,30300,+700,+2.36,+30650,+31150,+29750,654543,+230.85,2708800000000,89400000
033640,네패스,KOSDAQ,,22800,+850,+3.87,+22850,+23500,+22100,699201,-59.57,525700000000,23059000
0130D0,신한제17호스팩,KOSDAQ,,2015,+5,+0.25,2010,+2020,2010,70338,-57.60,10800000000,5340000
017800,현대엘리베이터,KOSPI,,88600,+1200,+1.37,+90100,+90900,-85700,254143,+169.38,3463600000000,39092000
028260,삼성물산,KOSPI,,309000,+35000,+12.77,+299500,+312500,+294500,776090,+214.15,50110200000000,162169000
077970,STX엔진,KOSPI,,35000,+300,+0.86,+36150,+36500,34700,241501,+135.14,1405200000000,40148000
0126Z0,삼성에피스홀딩스,KOSPI,,527000,+41500,+8.55,+505000,+529000,+503000,60402,+200.31,13113400000000,24883000
086670,비엠티,KOSDAQ,,15720,+1300,+9.02,+14900,+15970,+14500,159584,+273.34,156000000000,9926000
030000,제일기획,KOSPI,,19380,+190,+0.99,+19570,+19770,+19370,364571,-93.76,2229500000000,115041000
114810,한솔아이원스,KOSDAQ,,15340,+900,+6.23,+15150,+15510,+14970,485249,-82.66,438600000000,28593000
0004V0,엔비알모션,KOSDAQ,,19270,+600,+3.21,+19500,+20500,+18800,688683,-64.78,200500000000,10404000
046970,우리로,KOSDAQ,,7160,+90,+1.27,+7540,+7610,-6950,11460772,-40.92,313800000000,43825000
139130,iM금융지주,KOSPI,,17060,+480,+2.90,+16980,+17200,+16750,563205,+103.70,2740300000000,160625000
417500,제이아이테크,KOSDAQ,,4815,+415,+9.43,+4670,+4815,+4575,615209,+149.17,157900000000,32785000
358570,지아이이노베이션,KOSDAQ,,13290,+60,+0.45,+13870,+13950,-12920,556234,-70.34,853700000000,64237000
081660,미스토홀딩스,KOSPI,,41650,+100,+0.24,+43150,+43300,-41000,240624,+227.77,2211300000000,53092000
011200,HMM,KOSPI,,20650,+500,+2.48,+20650,+20900,+20350,1531581,+248.47,19477900000000,943238000
010130,고려아연,KOSPI,,1585000,+112000,+7.60,+1548000,+1596000,+1525000,448456,+3081.96,33083700000000,20873000
088350,한화생명,KOSPI,,4820,+420,+9.55,+4780,+4840,+4640,6470986,+226.66,4186300000000,868530000
395400,SK리츠,KOSPI,,6340,-10,-0.16,6350,+6430,-6280,195917,-95.59,1908500000000,301018000
129920,대성하이텍,KOSDAQ,,10430,-970,-8.51,+12000,+12020,-10350,427044,-72.05,143000000000,13715000
100840,SNT에너지,KOSPI,,55800,+5100,+10.06,+53800,+57000,+51300,759246,+176.53,1154000000000,20681000
037030,파워넷,KOSDAQ,,6080,+400,+7.04,+5900,+6680,+5730,17433718,-89.06,155100000000,25513000
383220,F&F,KOSPI,,63000,+1900,+3.11,+63400,+64000,+62300,87225,+138.03,2413300000000,38307000
299030,하나기술,KOSDAQ,,26600,+1400,+5.56,+26150,+26700,+25900,32034,-66.89,212700000000,7995000
092600,앤씨앤,KOSDAQ,,1498,+345,+29.92,+1498,+1498,+1498,1810541,-32.55,37600000000,25084000
112610,씨에스윈드,KOSPI,,64800,-700,-1.07,-64900,+66000,-62700,673882,-59.34,2732700000000,42171000
035250,강원랜드,KOSPI,,16740,+250,+1.52,+16880,+16980,+16710,597522,+156.96,3581400000000,213941000
950160,코오롱티슈진,KOSDAQ,,101500,+2700,+2.73,+103700,+104700,-98600,340059,+103.18,8540800000000,84146000
000250,삼천당제약,KOSDAQ,,485000,-34000,-6.55,-437000,-496000,-435000,1445517,+143.89,11376900000000,23457000
030200,KT,KOSPI,,61000,+1900,+3.21,+61100,+62800,+60700,481562,+175.19,15373300000000,252022000
214330,금호에이치티,KOSPI,,398,+11,+2.84,+390,+405,-381,1968658,+145.70,86800000000,218047000
098070,한텍,KOSDAQ,,43950,-250,-0.57,-43700,+44500,-41800,362089,+188.16,488800000000,11121000
001430,세아베스틸지주,KOSPI,,68800,+2700,+4.08,+68900,+69400,-66000,209317,+266.85,2467300000000,35862000
047810,한국항공우주,KOSPI,,190400,+4100,+2.20,+190400,+192400,-185500,590829,+126.56,18559300000000,97475000
044490,태웅,KOSDAQ,,46200,+600,+1.32,+47650,+47750,-45550,416938,+101.41,924300000000,20007000
053160,프리엠스,KOSDAQ,,9410,+400,+4.44,+9040,+9520,9010,99099,+109.15,56500000000,6000000
002290,삼일기업공사,KOSDAQ,,3930,+125,+3.29,+3845,+3950,+3810,98454,+129.81,48700000000,12400000
204620,글로벌텍스프리,KOSDAQ,,4985,+120,+2.47,+4965,+5010,-4850,679224,-94.94,350400000000,70283000
310870,디와이씨,KOSDAQ,,1637,-78,-4.55,+1728,+1780,-1618,563020,-54.39,33900000000,20687000
001230,동국홀딩스,KOSPI,,11180,+630,+5.97,+10680,+11600,+10660,262393,+140.06,355500000000,31800000
015760,한국전력,KOSPI,,43900,+4000,+10.03,+43200,+44900,+43050,3925621,+201.85,28182200000000,641964000
014160,대영포장,KOSPI,,1127,-161,-12.50,-1199,-1223,-1120,12958314,-19.10,122200000000,108395000
394280,오픈엣지테크놀로지,KOSDAQ,,15730,+690,+4.59,+15930,+15940,+15320,165876,-52.08,413300000000,26277000
161890,한국콜마,KOSPI,,76800,+2100,+2.81,+77400,+78600,+75400,155134,-85.62,1812900000000,23605000
194480,데브시스터즈,KOSDAQ,,24150,+2000,+9.03,+23000,+24300,+22900,104691,-70.73,292900000000,12129000
348210,넥스틴,KOSDAQ,,74000,+8300,+12.63,+70300,+75600,+69700,145503,+313.86,775300000000,10477000
079900,전진건설로봇,KOSPI,,73000,+15000,+25.86,+64200,+74350,+61550,2613107,+1315.44,1065300000000,14593000
160980,싸이맥스,KOSDAQ,,28100,+2400,+9.34,+26950,+28800,+26100,336419,+136.91,307000000000,10924000
322310,오로스테크놀로지,KOSDAQ,,33550,+3400,+11.28,+32000,+33800,+31700,235756,+193.74,314200000000,9367000
195870,해성디에스,KOSPI,,55600,+3600,+6.92,+54700,+56100,+53300,164192,+197.95,945200000000,17000000
014620,성광벤드,KOSDAQ,,38650,-100,-0.26,+40400,+40700,-36350,614611,+170.68,1026400000000,26557000
160190,하이젠알앤엠,KOSDAQ,,35800,+1900,+5.60,+35050,+36250,+34450,128541,+122.92,1105800000000,30888000
322000,HD현대에너지솔루션,KOSPI,,171400,+2600,+1.54,+169400,+172700,-161000,1184715,-94.89,1919700000000,11200000
115180,큐리언트,KOSDAQ,,34450,-700,-1.99,+36800,+36800,-33900,261802,+132.70,1283000000000,37242000
243840,신흥에스이씨,KOSDAQ,,8090,+70,+0.87,+8350,+8350,-7860,737928,+111.84,311900000000,38558000
472850,폰드그룹,KOSDAQ,,5290,+140,+2.72,+5250,+5390,+5170,40947,+143.22,304600000000,57572000
030530,원익홀딩스,KOSDAQ,,29350,+3450,+13.32,+27700,+29500,+27450,944587,+152.28,2266900000000,77238000
402340,SK스퀘어,KOSPI,,578000,+79000,+15.83,+558000,+587000,+553000,752399,+225.20,76346400000000,132087000
084110,휴온스글로벌,KOSDAQ,,52000,+100,+0.19,+53300,+54500,-51500,44959,-45.55,658300000000,12660000
122990,와이솔,KOSDAQ,,6700,+130,+1.98,+6580,+6800,+6580,99492,+213.54,178500000000,26639000
066970,엘앤에프,KOSPI,,184100,-900,-0.49,+191800,+191900,-180500,1205873,-55.04,7423800000000,40325000
257720,실리콘투,KOSDAQ,,41250,+2350,+6.04,+40550,+41900,+40050,682601,-86.55,2523300000000,61172000
010780,아이에스동서,KOSPI,,28650,+2400,+9.14,+27500,+29150,+26900,98491,+155.67,864900000000,30187000
123330,제닉,KOSDAQ,,28000,+850,+3.13,+28250,+28800,-26750,156801,+135.04,223100000000,7969000
352820,하이브,KOSPI,,260500,+4500,+1.76,+265000,+266000,+258500,467987,+107.03,11219200000000,43068000
163730,핑거,KOSDAQ,,10100,+460,+4.77,+10000,+10150,+9850,55138,-98.89,95000000000,9407000
241710,코스메카코리아,KOSDAQ,,75200,+2500,+3.44,+77100,+77800,+72900,81364,+113.82,803100000000,10680000
105840,우진,KOSPI,,24350,+2250,+10.18,+23350,+24500,+22900,610057,+133.99,491800000000,20198000
105560,KB금융,KOSPI,,156000,+9300,+6.34,+158200,+159100,+155000,1252002,+182.94,58164700000000,372850000
074600,원익QnC,KOSDAQ,,32100,+2000,+6.64,+31850,+32500,+31350,307413,-96.94,843800000000,26288000
452300,캡스톤파트너스,KOSDAQ,,4570,-75,-1.61,+4935,+5730,-4535,26389478,+189.42,64800000000,14170000
232140,와이씨,KOSDAQ,,18900,+1650,+9.57,+18300,+18910,+18110,1001825,+199.34,1550700000000,82045000
093240,형지엘리트,KOSPI,,943,-83,-8.09,-1004,+1078,-904,6265548,-18.82,57900000000,61390000
005935,삼성전자우,KOSPI,,139600,+8700,+6.65,+139800,+140500,+136000,4913886,+145.56,113910100000000,815975000
131290,티에스이,KOSDAQ,,114900,+4700,+4.26,+117500,+119000,+111700,66332,+243.31,1271000000000,11061000
486990,노타,KOSDAQ,,35050,+1250,+3.70,+35000,+35700,+34500,228544,+131.18,748200000000,21346000
288980,모아데이타,KOSDAQ,,1408,+237,+20.24,+1257,+1509,+1250,17530856,+145.49,48700000000,34557000
163280,에어레인,KOSDAQ,,5750,+250,+4.55,+5560,+5770,+5560,71448,-61.38,78200000000,13603000
323410,카카오뱅크,KOSPI,,24850,+1200,+5.07,+24650,+25100,+24450,985979,+136.27,11856300000000,477113000
123860,아나패스,KOSDAQ,,18000,+200,+1.12,+17850,+18080,-17740,60261,+118.51,218200000000,12123000
010140,삼성중공업,KOSPI,,28300,+1500,+5.60,+28050,+28400,+27800,3725176,+162.05,24904000000000,880000000
010060,OCI홀딩스,KOSPI,,197200,-2600,-1.30,-198500,199800,-186000,356045,+126.17,3681800000000,18670000
417200,LS머트리얼즈,KOSDAQ,,20350,+1340,+7.05,+20100,+20450,+19660,2090266,+117.79,1376700000000,67653000
107640,한중엔시에스,KOSDAQ,,49250,+200,+0.41,+50800,+50900,-48300,270846,+136.56,446400000000,9065000
347700,스피어,KOSDAQ,,45500,+5000,+12.35,+42500,+46550,+42050,1510112,+121.21,2244100000000,49321000
033130,디지틀조선,KOSDAQ,,2600,+245,+10.40,+2440,+2600,+2365,75935,-47.96,96500000000,37115000
439260,대한조선,KOSPI,,88800,+500,+0.57,+91800,+94000,88300,170030,+164.49,3421100000000,38526000
008930,한미사이언스,KOSPI,,38550,+550,+1.45,+39300,+39700,-37850,155203,+137.30,2636500000000,68392000
389260,대명에너지,KOSDAQ,,22700,-600,-2.58,-22300,-22800,-21950,364679,-94.72,406700000000,17916000
009830,한화솔루션,KOSPI,,40300,+3150,+8.48,+38200,+40650,+37450,3960120,+214.41,6927300000000,171893000
215790,이노인스트루먼트,KOSDAQ,,2045,0,0.00,0,0,0,0,0.00,82400000000,40283000
458870,씨어스테크놀로지,KOSDAQ,,44400,+1450,+3.38,+45500,+48600,-42700,298469,+115.23,563300000000,12687000
452430,사피엔반도체,KOSDAQ,,33000,+4150,+14.38,+32650,+33100,+31150,91300,+320.56,271200000000,8218000
464490,쿼드메디슨,KOSDAQ,,13850,+600,+4.53,+13850,+13930,+13520,44832,-65.80,159000000000,11482000
032830,삼성생명,KOSPI,,238500,+16500,+7.43,+240500,+243000,+230500,402137,+192.40,47700000000000,200000000
005090,SGC에너지,KOSPI,,52300,+800,+1.55,+53100,+54200,-49750,209204,-93.14,753600000000,14409000
091580,상신이디피,KOSDAQ,,22300,-1000,-4.29,+24050,+24100,-21450,804449,+196.56,297200000000,13328000
005070,코스모신소재,KOSPI,,53900,+1900,+3.65,+54000,+54000,+52300,227128,-63.98,1790300000000,33215000
112290,와이씨켐,KOSDAQ,,23700,+2200,+10.23,+22950,+23700,+22700,153741,-78.41,239600000000,10111000
475960,토모큐브,KOSDAQ,,52400,+2700,+5.43,+52500,+52700,+51200,58592,-75.54,701300000000,13383000
006650,대한유화,KOSPI,,156000,+16900,+12.15,+150000,+162700,+148700,144725,+338.42,1014000000000,6500000
412350,레이저쎌,KOSDAQ,,8570,+280,+3.38,+9000,+9500,-8100,1899867,-63.07,114300000000,13340000
005430,한국공항,KOSPI,,58600,+3600,+6.55,+57300,+58900,+56300,12478,+102.04,185500000000,3166000
290550,디케이티,KOSDAQ,,18330,+1200,+7.01,+17510,+18490,+17510,626152,+124.56,366600000000,20001000
138930,BNK금융지주,KOSPI,,17660,+330,+1.90,+17910,+18050,+17440,1452308,+125.64,5480400000000,310327000
003490,대한항공,KOSPI,,24950,+1850,+8.01,+24700,+25050,+24400,2838015,+333.54,9187100000000,368221000
0008Z0,에스엔시스,KOSDAQ,,32600,+1400,+4.49,+32350,+32700,+32000,41759,-76.38,307600000000,9437000
340570,티앤엘,KOSDAQ,,50500,+1300,+2.64,+50600,+51200,+49600,68294,+389.10,410500000000,8128000
050890,쏠리드,KOSDAQ,,15100,+680,+4.72,+15140,+15540,+14430,6353671,+120.19,917400000000,60757000
002380,KCC,KOSPI,,518000,+57000,+12.36,+486000,+520000,+483000,47896,+156.80,4603200000000,8886000
002020,코오롱,KOSPI,,65500,0,0.00,+67600,+68400,-64100,81419,-58.54,845500000000,12908000
009240,한샘,KOSPI,,40000,+1600,+4.17,+39000,+40350,+39000,52041,+107.10,941400000000,23534000
036890,진성티이씨,KOSDAQ,,17900,+2070,+13.08,+16710,+18310,+16530,728163,+548.82,394400000000,22033000
034220,LG디스플레이,KOSPI,,12110,+840,+7.45,+11830,+12150,+11770,6248930,+116.97,6055000000000,500000000
108490,로보티즈,KOSDAQ,,256000,+23000,+9.87,+246500,+259000,+243500,202071,+101.43,3751100000000,14653000
009540,HD한국조선해양,KOSPI,,389500,+13500,+3.59,+393000,+399000,+385000,218820,+168.94,27566100000000,70773000
323280,태성,KOSDAQ,,58100,+6000,+11.52,+54700,+58300,+54600,362007,+189.38,1774300000000,30538000
005940,NH투자증권,KOSPI,,33850,+3300,+10.80,+32600,+34350,+32400,1327868,+179.06,12062300000000,356344000
033780,KT&G,KOSPI,,158500,+3800,+2.46,+161000,+162300,+156000,295081,+169.20,18176200000000,114677000
046890,서울반도체,KOSDAQ,,11020,+720,+6.99,+11980,+12000,+10710,2909785,-94.96,642500000000,58305000
036460,한국가스공사,KOSPI,,36150,+1350,+3.88,+36000,+36500,+35900,319241,+249.31,3337100000000,92313000
340450,지씨지놈,KOSDAQ,,7360,+310,+4.40,+7250,+7370,+7110,141508,+104.77,174100000000,23651000
000100,유한양행,KOSPI,,94200,+2800,+3.06,+94400,+95400,+93500,205545,+122.04,7502800000000,79648000
220100,퓨쳐켐,KOSDAQ,,19130,+900,+4.94,+18740,+19130,+18660,101300,+172.55,429000000000,22427000
082270,젬백스,KOSDAQ,,30050,+2400,+8.68,+29900,+31700,+29100,585346,+140.37,1327800000000,44186000
071970,HD현대마린엔진,KOSPI,,79300,+3800,+5.03,+79300,+80000,+77000,162764,+133.09,2690000000000,33921000
000990,DB하이텍,KOSPI,,94400,+6600,+7.52,+90900,+94500,+89200,561440,+118.56,4106800000000,43505000
326030,SK바이오팜,KOSPI,,99200,+4100,+4.31,+98400,+99400,+97000,169807,+133.79,7768700000000,78313000
298020,효성티앤씨,KOSPI,,409000,+19500,+5.01,+409500,+414500,+395000,36400,+160.99,1770000000000,4328000
048410,현대바이오,KOSDAQ,,14300,+1300,+10.00,+13930,+15320,+13690,3230488,+356.70,1380000000000,96506000
101360,에코앤드림,KOSDAQ,,18200,+310,+1.73,+19000,+19000,+18110,117759,-45.57,323700000000,17786000
304360,에스바이오메딕스,KOSDAQ,,26600,+1000,+3.91,+26400,+27600,+25750,87576,+111.27,329400000000,12385000
372320,큐로셀,KOSDAQ,,54100,+3000,+5.87,+51800,+54500,51100,121073,-75.37,813600000000,15039000
214430,아이쓰리시스템,KOSDAQ,,98500,+4900,+5.24,+96300,+99700,+96000,56646,+113.97,719800000000,7307000
041510,에스엠,KOSDAQ,,87000,+4000,+4.82,+88700,+89500,+86300,91180,+133.16,1991800000000,22895000
389650,넥스트바이오메디컬,KOSDAQ,,63400,+2100,+3.43,+64100,+64700,+62000,75028,-70.89,520100000000,8204000
064350,현대로템,KOSPI,,206500,-4500,-2.13,-208500,+213000,-203500,845448,+114.95,22537900000000,109142000
035420,NAVER,KOSPI,,201500,+5600,+2.86,+202500,+204000,+200000,699966,+104.67,31605800000000,156853000
215200,메가스터디교육,KOSDAQ,,45600,-650,-1.41,+48850,+49050,-45200,48154,+206.23,472700000000,10365000
053610,프로텍,KOSDAQ,,55300,+3100,+5.94,+55000,+55600,+53400,51957,+184.39,608300000000,11000000
071320,지역난방공사,KOSPI,,74000,+4500,+6.47,+71900,+75100,+71900,35496,-99.72,856800000000,11579000
244920,에이플러스에셋,KOSPI,,10980,+580,+5.58,+10420,+11190,+10420,59500,-8.48,248200000000,22608000
033100,제룡전기,KOSDAQ,,48750,+3650,+8.09,+47650,+48950,+46900,166905,+226.14,783000000000,16062000
348030,모비릭스,KOSDAQ,,2740,-190,-6.48,-2915,2930,-2645,693243,-12.84,26300000000,9604000
064760,티씨케이,KOSDAQ,,242500,+20000,+8.99,+240000,+246000,+231000,99247,+127.30,2711000000000,11179000
025980,아난티,KOSDAQ,,7190,+300,+4.35,+7200,+7360,+7080,1662862,+101.07,699600000000,97301000
200470,에이팩트,KOSDAQ,,6920,+610,+9.67,+6640,+6960,+6390,1219922,-46.42,293100000000,42362000
012750,에스원,KOSPI,,89600,+100,+0.11,+97500,+103000,-89100,60566,+170.11,3404700000000,37999000
067310,하나마이크론,KOSDAQ,,31100,+2250,+7.80,+30750,+31150,+30200,1646956,+149.26,2066100000000,66434000
251970,펌텍코리아,KOSDAQ,,44150,+1400,+3.27,+44700,+44900,+43800,41822,+132.10,547500000000,12400000
004800,효성,KOSPI,,152100,+11100,+7.87,+146000,+154900,+143800,38794,+203.06,2546200000000,16740000
004430,송원산업,KOSPI,,9180,+350,+3.96,+9020,+9220,+8970,92395,-80.05,220300000000,24000000
082740,한화엔진,KOSPI,,46600,+2450,+5.55,+46150,+46650,+45300,370379,+134.82,3888600000000,83447000
005830,DB손해보험,KOSPI,,167800,+7500,+4.68,+173800,+173900,+166600,157598,+110.18,11642600000000,69384000
013030,하이록코리아,KOSDAQ,,38550,+500,+1.31,+38950,+38950,-37500,97876,-64.22,453700000000,11768000
005860,한일사료,KOSDAQ,,3790,-390,-9.33,-3620,-3850,-3620,4583191,-88.00,149300000000,39404000
001820,삼화콘덴서,KOSPI,,60100,+4300,+7.71,+59400,+60200,+57600,287691,-94.79,624700000000,10395000
0015G0,그린광학,KOSDAQ,,30400,+2150,+7.61,+29550,+30600,+29050,245145,+185.92,355800000000,11703000
005380,현대차,KOSPI,,508000,+35000,+7.40,+500000,+510000,+490000,1291522,+183.43,104016900000000,204758000
021240,코웨이,KOSPI,,78200,+400,+0.51,+79600,+80600,-77200,255400,-42.69,5534000000000,70767000
060280,큐렉소,KOSDAQ,,15480,+1010,+6.98,+15400,+15700,+15210,465478,+132.59,638700000000,41260000
097950,CJ제일제당,KOSPI,,229000,-10000,-4.18,-237000,+239500,-228500,130158,-62.58,3447400000000,15054000
272290,이녹스첨단소재,KOSDAQ,,31150,+2050,+7.04,+30500,+31300,+30450,201070,+155.34,621100000000,19938000
278470,에이피알,KOSPI,,335500,+17500,+5.50,+332000,+340000,318000,393643,+123.44,12560500000000,37438000
214320,이노션,KOSPI,,17860,+240,+1.36,+17930,+17930,+17760,88980,+104.57,714400000000,40000000
307750,국전약품,KOSDAQ,,3820,+60,+1.60,+3885,+3885,3760,613617,+115.46,205200000000,53711000
049080,기가레인,KOSDAQ,,2405,+5,+0.21,+2620,+2700,-2255,30462049,-39.04,204100000000,84883000
321550,티움바이오,KOSDAQ,,10400,-460,-4.24,+11400,+11400,-9450,763594,+131.43,302400000000,29078000
039560,다산네트웍스,KOSDAQ,,5360,+450,+9.16,+5100,+5630,+4995,2829728,+485.42,219400000000,40936000
271560,오리온,KOSPI,,130000,0,0.00,+133100,+135000,-129000,109520,+129.97,5139700000000,39536000
007690,국도화학,KOSPI,,37450,+2200,+6.24,+35900,+39450,+35850,25728,+203.22,346800000000,9261000
289930,웨이비스,KOSDAQ,,18650,-1340,-6.70,+20450,+20650,-18080,694066,+187.85,242800000000,13019000
0082N0,카나프테라퓨틱스,KOSDAQ,,36000,+2750,+8.27,+34800,+37250,+34700,186078,-99.33,466400000000,12956000
145020,휴젤,KOSDAQ,,248500,+8000,+3.33,+253500,+258000,+242500,73984,+374.20,3057600000000,12304000
499790,GS피앤엘,KOSPI,,43650,+2850,+6.99,+42550,+44850,+41150,148001,+292.42,865600000000,19831000
035720,카카오,KOSPI,,47850,+1450,+3.13,+48400,+48600,+47250,1615185,-81.09,21197600000000,443001000
009150,삼성전기,KOSPI,,514000,+57000,+12.47,+490000,+523000,+488500,942226,+186.26,38392600000000,74694000
032640,LG유플러스,KOSPI,,16130,+250,+1.57,+16450,+16540,+16000,986249,+165.28,6933100000000,429828000
000880,한화,KOSPI,,123800,+8300,+7.19,+120800,+123900,+119400,287938,+151.45,9279900000000,74959000
032500,케이엠더블유,KOSDAQ,,26550,+200,+0.76,+28300,+28400,+26500,816190,+163.63,1101600000000,41492000
036810,에프에스티,KOSDAQ,,41150,+3450,+9.15,+40400,+41700,+39300,259847,+135.17,882500000000,21446000
489460,바이오비쥬,KOSDAQ,,8320,+330,+4.13,+8150,+8420,+8100,50182,+159.10,125200000000,15044000
481070,에이유브랜즈,KOSDAQ,,16550,-950,-5.43,-17400,+17590,-16310,39969,-85.07,234300000000,14160000
052020,에스티큐브,KOSDAQ,,15550,+350,+2.30,+15760,+15990,-15000,444896,+112.48,1057100000000,67983000
489500,엘케이켐,KOSDAQ,,32350,+1600,+5.20,+31900,+32600,+31700,43798,-74.01,203100000000,6278000
217590,티엠씨,KOSPI,,21750,+1300,+6.36,+21350,+21750,-20150,527247,-95.21,524000000000,24094000
406820,뷰티스킨,KOSDAQ,,1858,+86,+4.85,+1789,+1858,+1789,59002,-54.87,26300000000,14136000
290650,엘앤씨바이오,KOSDAQ,,65600,+1600,+2.50,+70100,+71100,+65000,222401,+191.39,1630000000000,24847000
448900,한국피아이엠,KOSDAQ,,93000,+7100,+8.27,+91400,+95500,+89500,164953,+148.80,558400000000,6004000
003550,LG,KOSPI,,91800,+4200,+4.79,+92400,+93000,+90000,292549,+138.69,14157500000000,154222000
192440,슈피겐코리아,KOSDAQ,,27600,+300,+1.10,+27600,+27950,-26850,20057,+107.73,171600000000,6216000
00088K,한화3우B,KOSPI,,46950,+1950,+4.33,+46000,+47000,+45750,55220,+129.90,911000000000,19404000
445680,큐리옥스바이오시스템즈,KOSDAQ,,84600,+5800,+7.36,+83500,+85300,+80500,137264,+144.74,1448300000000,17120000
005385,현대차우,KOSPI,,249000,+11500,+4.84,+246000,+250000,+242000,128025,+226.64,5811900000000,23341000
323350,다원넥스뷰,KOSDAQ,,11430,+780,+7.32,+10960,+11670,+10850,190488,+217.61,91600000000,8011000
122870,와이지엔터테인먼트,KOSDAQ,,51300,+1400,+2.81,+52200,+52900,+50900,135310,+104.67,958900000000,18691000
281820,케이씨텍,KOSPI,,46550,+2700,+6.16,+45700,+46600,+45000,107258,+162.45,963100000000,20690000
042660,한화오션,KOSPI,,127700,+6800,+5.62,+127000,+128600,+125200,977536,+132.38,39129000000000,306413000
294870,HDC현대산업개발,KOSPI,,22100,+1650,+8.07,+21250,+22850,+21000,798081,+276.46,1456600000000,65907000
078070,유비쿼스홀딩스,KOSDAQ,,17300,+2180,+14.42,+16010,+18940,+15630,1452884,+362.71,304600000000,17605000
316140,우리금융지주,KOSPI,,33400,+1550,+4.87,+33600,+33850,+33050,2200076,+133.54,24518100000000,734076000
251370,와이엠티,KOSDAQ,,17820,+3500,+24.44,+15100,+18250,+15100,1586420,+861.14,314100000000,17624000
003230,삼양식품,KOSPI,,1171000,+7000,+0.60,+1186000,+1200000,-1149000,65039,+129.39,8821200000000,7533000
0007C0,아크릴,KOSDAQ,,37400,-250,-0.66,+39100,+39650,-36900,607524,-16.43,300300000000,8030000
295310,에이치브이엠,KOSDAQ,,86000,+8000,+10.26,+83600,+86000,+80000,302542,+159.61,1034300000000,12027000
0007J0,인벤테라,KOSDAQ,,26100,-700,-2.61,+27100,+28250,-25800,1091977,-43.92,205300000000,7866000
453450,그리드위즈,KOSDAQ,,19830,-160,-0.80,+20250,+20600,-19760,175911,-82.37,157500000000,7943000
036570,엔씨소프트,KOSPI,,218000,+8000,+3.81,+218500,+220500,+215000,63520,+145.03,4696600000000,21544000
079550,LIG넥스원,KOSPI,,833000,+6000,+0.73,-803000,+846000,-798000,412630,-87.51,18326000000000,22000000
023530,롯데쇼핑,KOSPI,,107200,+3100,+2.98,+110000,+110800,+106400,116360,-97.89,3032600000000,28289000
007810,코리아써키트,KOSPI,,79400,+9200,+13.11,+77600,+79500,+74400,599317,+121.89,1904200000000,23983000
397030,에이프릴바이오,KOSDAQ,,52100,+1100,+2.16,+54400,+54700,+51150,219917,+102.06,1216200000000,23343000
008830,대동기어,KOSDAQ,,21750,+1950,+9.85,+21200,+23300,+20450,1834964,+1019.65,195500000000,8988000
028670,팬오션,KOSPI,,5160,+20,+0.39,+5360,+5490,5140,4536301,+167.96,2758400000000,534570000
087010,펩트론,KOSDAQ,,284000,+6000,+2.16,+295000,+299500,+281000,137848,+154.44,6622100000000,23317000
011170,롯데케미칼,KOSPI,,91600,+3600,+4.09,+91800,+92000,88000,248487,-77.48,3918200000000,42775000
448710,코츠테크놀로지,KOSDAQ,,19190,+70,+0.37,+19130,+19490,-18800,125607,+126.11,101400000000,5285000
066575,LG전자우,KOSPI,,52600,+3750,+7.68,+51000,+52900,+50500,92535,+110.30,904000000000,17186000
008350,남선알미늄,KOSPI,,2060,-120,-5.50,-2000,+2285,-1980,69333828,-42.34,265900000000,129079000
180640,한진칼,KOSPI,,114700,+7500,+7.00,+119900,+119900,+114000,197272,+220.36,7657600000000,66762000
086280,현대글로비스,KOSPI,,220500,+12500,+6.01,+219500,+223000,+215500,177053,+119.59,16537500000000,75000000
004090,한국석유,KOSPI,,15300,-1790,-10.47,-14690,-15650,-14690,1319461,-37.47,194200000000,12694000
234340,헥토파이낸셜,KOSDAQ,,25550,+2450,+10.61,+24050,+25850,+23950,957699,+126.89,357000000000,13971000
466100,클로봇,KOSDAQ,,44400,+3550,+8.69,+42350,+44500,+42300,602509,+121.78,1109700000000,24992000
328130,루닛,KOSDAQ,,33900,+1950,+6.10,+33850,+34650,+33600,163198,+114.50,992700000000,29285000
253590,네오셈,KOSDAQ,,15900,+1140,+7.72,+15700,+16160,+15690,1223170,+223.81,697500000000,43869000
488900,비츠로넥스텍,KOSDAQ,,17730,+880,+5.22,+17660,+17760,-16530,140141,+122.34,513800000000,28976000
009420,한올바이오파마,KOSPI,,46800,+800,+1.74,+47900,+48350,+46500,367000,-96.65,2444900000000,52241000
240810,원익IPS,KOSDAQ,,121400,+7300,+6.40,+122400,+123000,+117700,774227,+240.25,5958800000000,49084000
319400,현대무벡스,KOSDAQ,,29200,+3950,+15.64,+26850,+29900,+26550,2654515,+354.53,3252200000000,111376000
078930,GS,KOSPI,,68600,+4000,+6.19,+67300,+68900,+66900,291249,+198.00,6374000000000,92915000
096530,씨젠,KOSDAQ,,22800,+550,+2.47,+22900,+23250,+22750,169241,+143.17,1190800000000,52226000
006890,태경케미컬,KOSPI,,8270,-480,-5.49,-8490,-8580,-7720,423468,-76.06,95900000000,11600000
028300,HLB,KOSDAQ,,54900,+2700,+5.17,+54600,+56600,+53300,1622701,+241.58,7308200000000,133118000
482630,삼양엔씨켐,KOSDAQ,,16660,+1360,+8.89,+16220,+16790,+16120,319279,+198.56,364700000000,21888000
393890,더블유씨피,KOSDAQ,,15040,-600,-3.84,+15830,+15950,-14470,1904221,-34.17,509000000000,33843000
376270,HEM파마,KOSDAQ,,62700,-800,-1.26,+66000,+66000,-56200,51131,+109.51,450600000000,7186000
183300,코미코,KOSDAQ,,118600,+8200,+7.43,+116800,+120500,+111200,139261,+211.67,1240600000000,10461000
388210,씨엠티엑스,KOSDAQ,,128000,+12800,+11.11,+123900,+129000,+123500,103239,+112.93,1224300000000,9565000
051500,CJ프레시웨이,KOSDAQ,,26700,+450,+1.71,+26950,+27450,26250,36011,-49.46,317000000000,11872000
017900,광전자,KOSPI,,8100,+580,+7.71,+8940,+9770,+7600,35171979,+165.24,469300000000,57944000
064290,인텍플러스,KOSDAQ,,22950,+3110,+15.68,+21100,+23800,+20550,998478,+291.84,295200000000,12864000
332290,누보,KOSDAQ,,1329,-69,-4.94,-1350,-1380,-1305,1667763,+142.60,53000000000,39904000
119850,지엔씨에너지,KOSDAQ,,31800,+2150,+7.25,+30850,+31900,+30650,133528,-84.23,523100000000,16449000
462870,시프트업,KOSPI,,33400,+1400,+4.38,+32700,+33650,-30950,224201,+213.43,1970100000000,58984000
0130H0,엔에이치스팩33호,KOSDAQ,,2015,-15,-0.74,-2025,+2035,-2010,178753,+108.99,15500000000,7700000
003570,SNT다이내믹스,KOSPI,,50700,+1600,+3.26,+50100,+52000,-48200,89478,+141.00,1685900000000,33253000
340440,세림B&G,KOSDAQ,,1924,-461,-19.33,-2045,-2230,-1856,8752409,-16.21,54600000000,28378000
105740,디케이락,KOSDAQ,,10000,+560,+5.93,+9670,+10190,+9600,321801,+277.57,101700000000,10169000
018260,삼성에스디에스,KOSPI,,154000,+2700,+1.78,+157000,+158400,+153000,239712,+202.05,11916200000000,77378000
058470,리노공업,KOSDAQ,,116800,+7100,+6.47,+116100,+117300,+112700,1127649,+137.72,8901500000000,76212000
056090,시지메드텍,KOSDAQ,,2210,+90,+4.25,+2180,+2250,+2160,1436352,-81.77,228200000000,103259000
265740,엔에프씨,KOSDAQ,,7300,+100,+1.39,+7360,+7430,+7240,98435,-62.45,130400000000,17864000
097230,HJ중공업,KOSPI,,25900,+2700,+11.64,+24500,+26100,+23950,1907543,+235.22,2338600000000,90295000
065770,CS,KOSDAQ,,2520,+90,+3.70,+2830,+3155,-2375,27435814,+1116.09,48900000000,19411000
494120,큐리오시스,KOSDAQ,,55000,+2900,+5.57,+55200,+55900,+53600,63404,+121.71,418900000000,7616000
003160,디아이,KOSPI,,30150,+1750,+6.16,+30400,+30450,+29200,392453,+171.63,853200000000,28300000
011760,현대코퍼레이션,KOSPI,,27350,+500,+1.86,+27550,+27900,+27000,71009,-95.72,361800000000,13229000
388720,유일로보틱스,KOSDAQ,,87500,+5900,+7.23,+86200,+87600,+85000,51701,-73.18,1030900000000,11781000
450080,에코프로머티,KOSPI,,76600,+3500,+4.79,+76200,+76700,+73500,2305499,-32.35,5404800000000,70559000
